{
  "GET Room Messages 15min" : {
    "transaction" : "GET Room Messages 15min",
    "sampleCount" : 36022,
    "errorCount" : 185,
    "errorPct" : 0.513575,
    "meanResTime" : 297.1282549553038,
    "medianResTime" : 265.5,
    "minResTime" : 252.0,
    "maxResTime" : 691.0,
    "pct1ResTime" : 572.0,
    "pct2ResTime" : 582.0,
    "pct3ResTime" : 676.0,
    "throughput" : 20.00612035551379,
    "receivedKBytesPerSec" : 187.399157276128,
    "sentKBytesPerSec" : 5.26998011266286
  },
  "GET User History Repeated" : {
    "transaction" : "GET User History Repeated",
    "sampleCount" : 24323,
    "errorCount" : 136,
    "errorPct" : 0.5591416,
    "meanResTime" : 297.816346667764,
    "medianResTime" : 265.0,
    "minResTime" : 252.0,
    "maxResTime" : 692.0,
    "pct1ResTime" : 573.0,
    "pct2ResTime" : 582.0,
    "pct3ResTime" : 674.0,
    "throughput" : 13.510556041895333,
    "receivedKBytesPerSec" : 126.29191862754791,
    "sentKBytesPerSec" : 3.5817352222912233
  },
  "WS Open Connection" : {
    "transaction" : "WS Open Connection",
    "sampleCount" : 9006,
    "errorCount" : 44,
    "errorPct" : 0.48856318,
    "meanResTime" : 295.52753719742225,
    "medianResTime" : 265.0,
    "minResTime" : 252.0,
    "maxResTime" : 691.0,
    "pct1ResTime" : 276.0,
    "pct2ResTime" : 581.0,
    "pct3ResTime" : 673.9300000000003,
    "throughput" : 5.002563494395585,
    "receivedKBytesPerSec" : 0.9285056593027072,
    "sentKBytesPerSec" : 1.322097976103122
  },
  "GET User Messages 15min" : {
    "transaction" : "GET User Messages 15min",
    "sampleCount" : 24059,
    "errorCount" : 126,
    "errorPct" : 0.5237125,
    "meanResTime" : 297.0315890103484,
    "medianResTime" : 265.0,
    "minResTime" : 252.0,
    "maxResTime" : 692.0,
    "pct1ResTime" : 572.0,
    "pct2ResTime" : 581.0,
    "pct3ResTime" : 675.0,
    "throughput" : 13.366653203157684,
    "receivedKBytesPerSec" : 125.05563213900481,
    "sentKBytesPerSec" : 3.5258423197510234
  },
  "Total" : {
    "transaction" : "Total",
    "sampleCount" : 300000,
    "errorCount" : 1524,
    "errorPct" : 0.508,
    "meanResTime" : 297.18642000000057,
    "medianResTime" : 265.0,
    "minResTime" : 252.0,
    "maxResTime" : 692.0,
    "pct1ResTime" : 276.0,
    "pct2ResTime" : 582.0,
    "pct3ResTime" : 676.0,
    "throughput" : 166.61584883277266,
    "receivedKBytesPerSec" : 1253.372499490954,
    "sentKBytesPerSec" : 43.94331603860822
  },
  "GET User Messages 5min" : {
    "transaction" : "GET User Messages 5min",
    "sampleCount" : 36056,
    "errorCount" : 176,
    "errorPct" : 0.4881296,
    "meanResTime" : 296.7591524295524,
    "medianResTime" : 265.0,
    "minResTime" : 252.0,
    "maxResTime" : 692.0,
    "pct1ResTime" : 276.0,
    "pct2ResTime" : 581.0,
    "pct3ResTime" : 677.0,
    "throughput" : 20.029786919642532,
    "receivedKBytesPerSec" : 186.59831427724362,
    "sentKBytesPerSec" : 5.282209381018699
  },
  "WS JOIN" : {
    "transaction" : "WS JOIN",
    "sampleCount" : 11943,
    "errorCount" : 62,
    "errorPct" : 0.51913255,
    "meanResTime" : 297.05635100058646,
    "medianResTime" : 266.0,
    "minResTime" : 252.0,
    "maxResTime" : 692.0,
    "pct1ResTime" : 276.0,
    "pct2ResTime" : 582.0,
    "pct3ResTime" : 676.5599999999995,
    "throughput" : 6.63607283177447,
    "receivedKBytesPerSec" : 1.2289584472406372,
    "sentKBytesPerSec" : 1.7497886333637827
  },
  "GET User Rooms" : {
    "transaction" : "GET User Rooms",
    "sampleCount" : 17880,
    "errorCount" : 99,
    "errorPct" : 0.55369127,
    "meanResTime" : 298.00167785235,
    "medianResTime" : 265.0,
    "minResTime" : 252.0,
    "maxResTime" : 691.0,
    "pct1ResTime" : 573.0,
    "pct2ResTime" : 582.0,
    "pct3ResTime" : 675.1899999999987,
    "throughput" : 9.931313966160213,
    "receivedKBytesPerSec" : 92.93595328324908,
    "sentKBytesPerSec" : 2.6192070112410475
  },
  "GET Active Users" : {
    "transaction" : "GET Active Users",
    "sampleCount" : 18106,
    "errorCount" : 91,
    "errorPct" : 0.50259584,
    "meanResTime" : 295.92256710482644,
    "medianResTime" : 265.0,
    "minResTime" : 252.0,
    "maxResTime" : 691.0,
    "pct1ResTime" : 276.0,
    "pct2ResTime" : 581.0,
    "pct3ResTime" : 675.0,
    "throughput" : 10.058721243534832,
    "receivedKBytesPerSec" : 93.62956363921712,
    "sentKBytesPerSec" : 2.657317365023083
  },
  "WS TEXT" : {
    "transaction" : "WS TEXT",
    "sampleCount" : 38806,
    "errorCount" : 189,
    "errorPct" : 0.48703808,
    "meanResTime" : 297.51502344998437,
    "medianResTime" : 265.0,
    "minResTime" : 252.0,
    "maxResTime" : 691.0,
    "pct1ResTime" : 572.0,
    "pct2ResTime" : 582.0,
    "pct3ResTime" : 677.0,
    "throughput" : 21.55341671586714,
    "receivedKBytesPerSec" : 4.002086128341304,
    "sentKBytesPerSec" : 5.666123825610664
  },
  "GET Room Messages 5min" : {
    "transaction" : "GET Room Messages 5min",
    "sampleCount" : 54105,
    "errorCount" : 270,
    "errorPct" : 0.49902967,
    "meanResTime" : 297.9293410960164,
    "medianResTime" : 265.0,
    "minResTime" : 252.0,
    "maxResTime" : 692.0,
    "pct1ResTime" : 572.0,
    "pct2ResTime" : 582.0,
    "pct3ResTime" : 677.9900000000016,
    "throughput" : 30.05519423526876,
    "receivedKBytesPerSec" : 281.33794762859486,
    "sentKBytesPerSec" : 7.932509709576166
  },
  "GET Room History Repeated" : {
    "transaction" : "GET Room History Repeated",
    "sampleCount" : 29694,
    "errorCount" : 146,
    "errorPct" : 0.4916818,
    "meanResTime" : 296.4373274062117,
    "medianResTime" : 265.0,
    "minResTime" : 252.0,
    "maxResTime" : 692.0,
    "pct1ResTime" : 276.0,
    "pct2ResTime" : 581.0,
    "pct3ResTime" : 673.0,
    "throughput" : 16.494953024324694,
    "receivedKBytesPerSec" : 154.19473066374493,
    "sentKBytesPerSec" : 4.344288802531349
  }
}