{
  "GET Room Messages 15min" : {
    "transaction" : "GET Room Messages 15min",
    "sampleCount" : 11961,
    "errorCount" : 51,
    "errorPct" : 0.42638576,
    "meanResTime" : 262.08954100827646,
    "medianResTime" : 232.0,
    "minResTime" : 218.0,
    "maxResTime" : 632.0,
    "pct1ResTime" : 242.0,
    "pct2ResTime" : 549.0,
    "pct3ResTime" : 616.0,
    "throughput" : 454.8081676109358,
    "receivedKBytesPerSec" : 4280.415508610118,
    "sentKBytesPerSec" : 120.07979450264268
  },
  "GET User History Repeated" : {
    "transaction" : "GET User History Repeated",
    "sampleCount" : 8135,
    "errorCount" : 23,
    "errorPct" : 0.28272894,
    "meanResTime" : 263.29723417332553,
    "medianResTime" : 232.0,
    "minResTime" : 218.0,
    "maxResTime" : 632.0,
    "pct1ResTime" : 361.2000000001626,
    "pct2ResTime" : 549.0,
    "pct3ResTime" : 619.0,
    "throughput" : 309.24503915456546,
    "receivedKBytesPerSec" : 2874.4875886798636,
    "sentKBytesPerSec" : 81.9618296443777
  },
  "WS Open Connection" : {
    "transaction" : "WS Open Connection",
    "sampleCount" : 3065,
    "errorCount" : 15,
    "errorPct" : 0.48939642,
    "meanResTime" : 259.7223491027728,
    "medianResTime" : 231.0,
    "minResTime" : 218.0,
    "maxResTime" : 631.0,
    "pct1ResTime" : 242.0,
    "pct2ResTime" : 548.0,
    "pct3ResTime" : 609.0,
    "throughput" : 117.18152622725188,
    "receivedKBytesPerSec" : 21.589924097243465,
    "sentKBytesPerSec" : 31.10506133869858
  },
  "GET User Messages 15min" : {
    "transaction" : "GET User Messages 15min",
    "sampleCount" : 8147,
    "errorCount" : 33,
    "errorPct" : 0.40505707,
    "meanResTime" : 263.9256167914576,
    "medianResTime" : 232.0,
    "minResTime" : 218.0,
    "maxResTime" : 632.0,
    "pct1ResTime" : 540.0,
    "pct2ResTime" : 549.0,
    "pct3ResTime" : 616.0,
    "throughput" : 311.28687146568853,
    "receivedKBytesPerSec" : 2902.796471718344,
    "sentKBytesPerSec" : 82.21826403217179
  },
  "Total" : {
    "transaction" : "Total",
    "sampleCount" : 100000,
    "errorCount" : 395,
    "errorPct" : 0.395,
    "meanResTime" : 263.2054299999979,
    "medianResTime" : 232.0,
    "minResTime" : 218.0,
    "maxResTime" : 632.0,
    "pct1ResTime" : 242.0,
    "pct2ResTime" : 549.0,
    "pct3ResTime" : 617.0,
    "throughput" : 3800.5472788081483,
    "receivedKBytesPerSec" : 28500.63655455448,
    "sentKBytesPerSec" : 1004.4120865123327
  },
  "GET User Messages 5min" : {
    "transaction" : "GET User Messages 5min",
    "sampleCount" : 12055,
    "errorCount" : 64,
    "errorPct" : 0.53090006,
    "meanResTime" : 263.9527167150561,
    "medianResTime" : 232.0,
    "minResTime" : 218.0,
    "maxResTime" : 632.0,
    "pct1ResTime" : 540.0,
    "pct2ResTime" : 549.0,
    "pct3ResTime" : 617.4400000000005,
    "throughput" : 459.9916052962949,
    "receivedKBytesPerSec" : 4294.970913663334,
    "sentKBytesPerSec" : 121.67811498359217
  },
  "WS JOIN" : {
    "transaction" : "WS JOIN",
    "sampleCount" : 3985,
    "errorCount" : 13,
    "errorPct" : 0.32622334,
    "meanResTime" : 264.39322459222245,
    "medianResTime" : 232.0,
    "minResTime" : 218.0,
    "maxResTime" : 632.0,
    "pct1ResTime" : 541.0,
    "pct2ResTime" : 549.0,
    "pct3ResTime" : 616.0,
    "throughput" : 152.01220675185962,
    "receivedKBytesPerSec" : 28.188551997901964,
    "sentKBytesPerSec" : 40.48321869635705
  },
  "GET User Rooms" : {
    "transaction" : "GET User Rooms",
    "sampleCount" : 5936,
    "errorCount" : 18,
    "errorPct" : 0.3032345,
    "meanResTime" : 263.02762803234447,
    "medianResTime" : 232.0,
    "minResTime" : 218.0,
    "maxResTime" : 631.0,
    "pct1ResTime" : 242.0,
    "pct2ResTime" : 549.0,
    "pct3ResTime" : 616.6300000000001,
    "throughput" : 226.38343312612028,
    "receivedKBytesPerSec" : 2114.4730428378016,
    "sentKBytesPerSec" : 59.517463936348726
  },
  "GET Active Users" : {
    "transaction" : "GET Active Users",
    "sampleCount" : 5887,
    "errorCount" : 23,
    "errorPct" : 0.39069134,
    "meanResTime" : 263.5116358077111,
    "medianResTime" : 232.0,
    "minResTime" : 218.0,
    "maxResTime" : 632.0,
    "pct1ResTime" : 540.0,
    "pct2ResTime" : 549.0,
    "pct3ResTime" : 614.0,
    "throughput" : 224.35213414634148,
    "receivedKBytesPerSec" : 2095.9420553067835,
    "sentKBytesPerSec" : 58.819617294683695
  },
  "GET Room Messages 5min" : {
    "transaction" : "GET Room Messages 5min",
    "sampleCount" : 17773,
    "errorCount" : 63,
    "errorPct" : 0.35447025,
    "meanResTime" : 263.5973105272042,
    "medianResTime" : 232.0,
    "minResTime" : 218.0,
    "maxResTime" : 631.0,
    "pct1ResTime" : 540.0,
    "pct2ResTime" : 549.0,
    "pct3ResTime" : 616.0,
    "throughput" : 677.3763244149707,
    "receivedKBytesPerSec" : 6320.782022674652,
    "sentKBytesPerSec" : 179.53932958638234
  },
  "WS TEXT" : {
    "transaction" : "WS TEXT",
    "sampleCount" : 13085,
    "errorCount" : 54,
    "errorPct" : 0.4126863,
    "meanResTime" : 262.9779136415743,
    "medianResTime" : 232.0,
    "minResTime" : 218.0,
    "maxResTime" : 632.0,
    "pct1ResTime" : 242.0,
    "pct2ResTime" : 549.0,
    "pct3ResTime" : 618.0,
    "throughput" : 497.6231222665906,
    "receivedKBytesPerSec" : 92.25375546681877,
    "sentKBytesPerSec" : 131.4721637906446
  },
  "GET Room History Repeated" : {
    "transaction" : "GET Room History Repeated",
    "sampleCount" : 9971,
    "errorCount" : 38,
    "errorPct" : 0.3811052,
    "meanResTime" : 263.0982850265772,
    "medianResTime" : 232.0,
    "minResTime" : 218.0,
    "maxResTime" : 632.0,
    "pct1ResTime" : 242.0,
    "pct2ResTime" : 549.0,
    "pct3ResTime" : 615.0,
    "throughput" : 380.9214547677262,
    "receivedKBytesPerSec" : 3559.6065754412443,
    "sentKBytesPerSec" : 100.34728108524985
  }
}