{
  "GET Room Messages 15min" : {
    "transaction" : "GET Room Messages 15min",
    "sampleCount" : 35939,
    "errorCount" : 105,
    "errorPct" : 0.29216173,
    "meanResTime" : 182.5047441498094,
    "medianResTime" : 159.0,
    "minResTime" : 145.0,
    "maxResTime" : 500.0,
    "pct1ResTime" : 383.0,
    "pct2ResTime" : 392.0,
    "pct3ResTime" : 484.0,
    "throughput" : 19.96574507245145,
    "receivedKBytesPerSec" : 187.98954126379212,
    "sentKBytesPerSec" : 5.247902920390905
  },
  "GET User History Repeated" : {
    "transaction" : "GET User History Repeated",
    "sampleCount" : 24388,
    "errorCount" : 58,
    "errorPct" : 0.23782188,
    "meanResTime" : 181.85792192881826,
    "medianResTime" : 158.0,
    "minResTime" : 145.0,
    "maxResTime" : 500.0,
    "pct1ResTime" : 382.0,
    "pct2ResTime" : 391.0,
    "pct3ResTime" : 483.0,
    "throughput" : 13.54995030166252,
    "receivedKBytesPerSec" : 127.30070376780209,
    "sentKBytesPerSec" : 3.559663063363575
  },
  "WS Open Connection" : {
    "transaction" : "WS Open Connection",
    "sampleCount" : 9005,
    "errorCount" : 21,
    "errorPct" : 0.23320377,
    "meanResTime" : 180.60943920044423,
    "medianResTime" : 158.0,
    "minResTime" : 145.0,
    "maxResTime" : 499.0,
    "pct1ResTime" : 169.0,
    "pct2ResTime" : 390.0,
    "pct3ResTime" : 482.0,
    "throughput" : 5.003711803981187,
    "receivedKBytesPerSec" : 0.9240434733580825,
    "sentKBytesPerSec" : 1.3159927222873269
  },
  "GET User Messages 15min" : {
    "transaction" : "GET User Messages 15min",
    "sampleCount" : 23986,
    "errorCount" : 58,
    "errorPct" : 0.24180771,
    "meanResTime" : 181.89906612190526,
    "medianResTime" : 158.0,
    "minResTime" : 145.0,
    "maxResTime" : 500.0,
    "pct1ResTime" : 169.0,
    "pct2ResTime" : 392.0,
    "pct3ResTime" : 484.0,
    "throughput" : 13.327169623876669,
    "receivedKBytesPerSec" : 125.57448689445444,
    "sentKBytesPerSec" : 3.520870752506415
  },
  "Total" : {
    "transaction" : "Total",
    "sampleCount" : 300000,
    "errorCount" : 732,
    "errorPct" : 0.244,
    "meanResTime" : 181.89198333333516,
    "medianResTime" : 159.0,
    "minResTime" : 145.0,
    "maxResTime" : 500.0,
    "pct1ResTime" : 382.0,
    "pct2ResTime" : 392.0,
    "pct3ResTime" : 483.0,
    "throughput" : 166.6313963544383,
    "receivedKBytesPerSec" : 1259.004041952613,
    "sentKBytesPerSec" : 43.94123784163602
  },
  "GET User Messages 5min" : {
    "transaction" : "GET User Messages 5min",
    "sampleCount" : 35756,
    "errorCount" : 84,
    "errorPct" : 0.23492561,
    "meanResTime" : 181.72670321065038,
    "medianResTime" : 159.0,
    "minResTime" : 145.0,
    "maxResTime" : 500.0,
    "pct1ResTime" : 169.0,
    "pct2ResTime" : 391.0,
    "pct3ResTime" : 483.0,
    "throughput" : 19.86101290277069,
    "receivedKBytesPerSec" : 186.17528313510834,
    "sentKBytesPerSec" : 5.236032721395081
  },
  "WS JOIN" : {
    "transaction" : "WS JOIN",
    "sampleCount" : 11878,
    "errorCount" : 23,
    "errorPct" : 0.19363528,
    "meanResTime" : 183.09353426502778,
    "medianResTime" : 158.0,
    "minResTime" : 145.0,
    "maxResTime" : 500.0,
    "pct1ResTime" : 383.0,
    "pct2ResTime" : 392.0,
    "pct3ResTime" : 484.0,
    "throughput" : 6.59902453550434,
    "receivedKBytesPerSec" : 1.2200370143025163,
    "sentKBytesPerSec" : 1.7403694331147364
  },
  "GET User Rooms" : {
    "transaction" : "GET User Rooms",
    "sampleCount" : 17950,
    "errorCount" : 46,
    "errorPct" : 0.2562674,
    "meanResTime" : 181.36278551531998,
    "medianResTime" : 159.0,
    "minResTime" : 145.0,
    "maxResTime" : 500.0,
    "pct1ResTime" : 169.0,
    "pct2ResTime" : 391.0,
    "pct3ResTime" : 484.0,
    "throughput" : 9.971790111317398,
    "receivedKBytesPerSec" : 93.882181229612,
    "sentKBytesPerSec" : 2.635290534979595
  },
  "GET Active Users" : {
    "transaction" : "GET Active Users",
    "sampleCount" : 17997,
    "errorCount" : 44,
    "errorPct" : 0.24448518,
    "meanResTime" : 181.4727454575762,
    "medianResTime" : 158.0,
    "minResTime" : 145.0,
    "maxResTime" : 500.0,
    "pct1ResTime" : 169.0,
    "pct2ResTime" : 391.0,
    "pct3ResTime" : 483.0,
    "throughput" : 9.997705699586637,
    "receivedKBytesPerSec" : 93.6940801164288,
    "sentKBytesPerSec" : 2.633488646789118
  },
  "WS TEXT" : {
    "transaction" : "WS TEXT",
    "sampleCount" : 39037,
    "errorCount" : 79,
    "errorPct" : 0.2023721,
    "meanResTime" : 181.69116479237766,
    "medianResTime" : 158.0,
    "minResTime" : 145.0,
    "maxResTime" : 500.0,
    "pct1ResTime" : 382.0,
    "pct2ResTime" : 391.0,
    "pct3ResTime" : 484.0,
    "throughput" : 21.683945537118834,
    "receivedKBytesPerSec" : 4.021494087074064,
    "sentKBytesPerSec" : 5.738234993968967
  },
  "GET Room Messages 5min" : {
    "transaction" : "GET Room Messages 5min",
    "sampleCount" : 53720,
    "errorCount" : 139,
    "errorPct" : 0.25874907,
    "meanResTime" : 182.01029411764625,
    "medianResTime" : 158.0,
    "minResTime" : 145.0,
    "maxResTime" : 500.0,
    "pct1ResTime" : 382.0,
    "pct2ResTime" : 392.0,
    "pct3ResTime" : 483.0,
    "throughput" : 29.83852647002789,
    "receivedKBytesPerSec" : 280.76544549567114,
    "sentKBytesPerSec" : 7.877084629951171
  },
  "GET Room History Repeated" : {
    "transaction" : "GET Room History Repeated",
    "sampleCount" : 30344,
    "errorCount" : 75,
    "errorPct" : 0.24716583,
    "meanResTime" : 181.90363828104546,
    "medianResTime" : 159.0,
    "minResTime" : 145.0,
    "maxResTime" : 500.0,
    "pct1ResTime" : 169.0,
    "pct2ResTime" : 391.0,
    "pct3ResTime" : 484.0,
    "throughput" : 16.85452859920893,
    "receivedKBytesPerSec" : 157.61637125110465,
    "sentKBytesPerSec" : 4.442028875197392
  }
}