{
  "GET Room Messages 15min" : {
    "transaction" : "GET Room Messages 15min",
    "sampleCount" : 11910,
    "errorCount" : 26,
    "errorPct" : 0.21830395,
    "meanResTime" : 180.09185558354326,
    "medianResTime" : 157.0,
    "minResTime" : 144.0,
    "maxResTime" : 461.0,
    "pct1ResTime" : 168.0,
    "pct2ResTime" : 395.0,
    "pct3ResTime" : 445.0,
    "throughput" : 663.0295607637922,
    "receivedKBytesPerSec" : 6165.236571355007,
    "sentKBytesPerSec" : 175.31104518663363
  },
  "GET User History Repeated" : {
    "transaction" : "GET User History Repeated",
    "sampleCount" : 8024,
    "errorCount" : 15,
    "errorPct" : 0.18693918,
    "meanResTime" : 179.59633599202417,
    "medianResTime" : 157.0,
    "minResTime" : 144.0,
    "maxResTime" : 461.0,
    "pct1ResTime" : 167.0,
    "pct2ResTime" : 395.0,
    "pct3ResTime" : 446.0,
    "throughput" : 445.8025445858103,
    "receivedKBytesPerSec" : 4133.923889868882,
    "sentKBytesPerSec" : 117.79213428523808
  },
  "WS Open Connection" : {
    "transaction" : "WS Open Connection",
    "sampleCount" : 3057,
    "errorCount" : 6,
    "errorPct" : 0.19627085,
    "meanResTime" : 180.9391560353288,
    "medianResTime" : 157.0,
    "minResTime" : 144.0,
    "maxResTime" : 460.0,
    "pct1ResTime" : 387.0,
    "pct2ResTime" : 395.0,
    "pct3ResTime" : 444.0,
    "throughput" : 169.60719041278296,
    "receivedKBytesPerSec" : 31.835482377663116,
    "sentKBytesPerSec" : 44.94874889036839
  },
  "GET User Messages 15min" : {
    "transaction" : "GET User Messages 15min",
    "sampleCount" : 7959,
    "errorCount" : 14,
    "errorPct" : 0.1759015,
    "meanResTime" : 179.933785651464,
    "medianResTime" : 157.0,
    "minResTime" : 144.0,
    "maxResTime" : 461.0,
    "pct1ResTime" : 168.0,
    "pct2ResTime" : 395.0,
    "pct3ResTime" : 445.0,
    "throughput" : 444.01673640167365,
    "receivedKBytesPerSec" : 4157.696783472803,
    "sentKBytesPerSec" : 116.85331677126918
  },
  "Total" : {
    "transaction" : "Total",
    "sampleCount" : 100000,
    "errorCount" : 190,
    "errorPct" : 0.19,
    "meanResTime" : 180.32270999999963,
    "medianResTime" : 157.0,
    "minResTime" : 144.0,
    "maxResTime" : 461.0,
    "pct1ResTime" : 386.0,
    "pct2ResTime" : 395.0,
    "pct3ResTime" : 445.0,
    "throughput" : 5547.234703500305,
    "receivedKBytesPerSec" : 41493.204312454924,
    "sentKBytesPerSec" : 1462.4909424058355
  },
  "GET User Messages 5min" : {
    "transaction" : "GET User Messages 5min",
    "sampleCount" : 11928,
    "errorCount" : 21,
    "errorPct" : 0.17605634,
    "meanResTime" : 180.50653923541265,
    "medianResTime" : 157.0,
    "minResTime" : 144.0,
    "maxResTime" : 461.0,
    "pct1ResTime" : 386.0,
    "pct2ResTime" : 395.0,
    "pct3ResTime" : 446.0,
    "throughput" : 663.6990874693969,
    "receivedKBytesPerSec" : 6208.138767075172,
    "sentKBytesPerSec" : 175.00291251669262
  },
  "WS JOIN" : {
    "transaction" : "WS JOIN",
    "sampleCount" : 3909,
    "errorCount" : 5,
    "errorPct" : 0.12790996,
    "meanResTime" : 182.5405474545921,
    "medianResTime" : 157.0,
    "minResTime" : 144.0,
    "maxResTime" : 460.0,
    "pct1ResTime" : 387.0,
    "pct2ResTime" : 395.0,
    "pct3ResTime" : 442.0,
    "throughput" : 217.1907989776642,
    "receivedKBytesPerSec" : 40.306182023697076,
    "sentKBytesPerSec" : 57.43851096302367
  },
  "GET User Rooms" : {
    "transaction" : "GET User Rooms",
    "sampleCount" : 5981,
    "errorCount" : 16,
    "errorPct" : 0.26751378,
    "meanResTime" : 180.57247951847464,
    "medianResTime" : 157.0,
    "minResTime" : 144.0,
    "maxResTime" : 459.0,
    "pct1ResTime" : 386.0,
    "pct2ResTime" : 395.0,
    "pct3ResTime" : 439.0,
    "throughput" : 331.9642559804629,
    "receivedKBytesPerSec" : 3093.2232622315037,
    "sentKBytesPerSec" : 87.64053567464062
  },
  "GET Active Users" : {
    "transaction" : "GET Active Users",
    "sampleCount" : 6089,
    "errorCount" : 17,
    "errorPct" : 0.27919197,
    "meanResTime" : 179.99638692724514,
    "medianResTime" : 157.0,
    "minResTime" : 144.0,
    "maxResTime" : 460.0,
    "pct1ResTime" : 168.0,
    "pct2ResTime" : 395.0,
    "pct3ResTime" : 441.0,
    "throughput" : 339.18226381461676,
    "receivedKBytesPerSec" : 3183.743073978526,
    "sentKBytesPerSec" : 88.98185961174242
  },
  "WS TEXT" : {
    "transaction" : "WS TEXT",
    "sampleCount" : 13301,
    "errorCount" : 22,
    "errorPct" : 0.1654011,
    "meanResTime" : 179.9411322456959,
    "medianResTime" : 157.0,
    "minResTime" : 144.0,
    "maxResTime" : 461.0,
    "pct1ResTime" : 168.0,
    "pct2ResTime" : 395.0,
    "pct3ResTime" : 444.0,
    "throughput" : 737.9604971149578,
    "receivedKBytesPerSec" : 137.1670455018309,
    "sentKBytesPerSec" : 194.54399342543275
  },
  "GET Room Messages 5min" : {
    "transaction" : "GET Room Messages 5min",
    "sampleCount" : 17926,
    "errorCount" : 31,
    "errorPct" : 0.17293318,
    "meanResTime" : 180.42608501617764,
    "medianResTime" : 157.0,
    "minResTime" : 144.0,
    "maxResTime" : 461.0,
    "pct1ResTime" : 386.0,
    "pct2ResTime" : 396.0,
    "pct3ResTime" : 446.0,
    "throughput" : 995.2806618177781,
    "receivedKBytesPerSec" : 9300.520775498308,
    "sentKBytesPerSec" : 262.58459457067903
  },
  "GET Room History Repeated" : {
    "transaction" : "GET Room History Repeated",
    "sampleCount" : 9916,
    "errorCount" : 17,
    "errorPct" : 0.1714401,
    "meanResTime" : 180.58914885034258,
    "medianResTime" : 157.0,
    "minResTime" : 144.0,
    "maxResTime" : 461.0,
    "pct1ResTime" : 386.0,
    "pct2ResTime" : 396.0,
    "pct3ResTime" : 445.0,
    "throughput" : 551.5323432893931,
    "receivedKBytesPerSec" : 5149.207278282997,
    "sentKBytesPerSec" : 144.5628080851271
  }
}